SYMBOL, SERIES, DATE1, PREV_CLOSE, OPEN_PRICE, HIGH_PRICE, LOW_PRICE, LAST_PRICE, CLOSE_PRICE, AVG_PRICE, TTL_TRD_QNTY, TURNOVER_LACS, NO_OF_TRADES, DELIV_QTY, DELIV_PER
AONESTEELS, EQ, 01-Oct-2026, 405.00, 455.00, 470.00, 393.70, 414.40, 416.55, 436.55, 14841745, 64792.15, 237224, 6057750, 40.82
INFY, EQ, 01-Oct-2026, 994.10, 1010.00, 1035.00, 999.15, 1035.00, 1035.00, 1016.03, 15166446, 154095.41, 227162, 7881166, 51.96
MONEYVIEW, EQ, 01-Oct-2026, 34.00, 55.00, 62.00, 50.27, 53.38, 53.88, 56.43, 655464953, 369869.74, 1397873, 198781468, 30.33
RELIANCE, EQ, 01-Oct-2026, 1187.00, 1180.10, 1183.90, 1160.80, 1167.70, 1167.70, 1173.12, 16771221, 196746.09, 279428, 10270423, 61.24
TCS, EQ, 01-Oct-2026, 2050.60, 2052.60, 2093.90, 2045.10, 2075.00, 2075.00, 2070.85, 3428501, 70999.10, 133083, 1882153, 54.90
AAKAAR, SM, 01-Oct-2026, 65.95, 65.90, 67.00, 65.00, 65.00, 65.00, 65.97, 4800, 3.17, 3, 4800, 100.00
ABH, SM, 01-Oct-2026, 41.30, 41.00, 42.65, 40.00, 41.45, 41.45, 41.23, 20400, 8.41, 17, 12000, 58.82
ABHAPOWER, SM, 01-Oct-2026, 23.40, 24.00, 24.00, 23.85, 23.85, 23.85, 23.93, 3200, 0.77, 2, 3200, 100.00
ABSMARINE, SM, 01-Oct-2026, 345.95, 346.00, 354.75, 307.00, 331.50, 330.70, 326.37, 130000, 424.28, 212, 72000, 55.38
AARADHYA, ST, 01-Oct-2026, 125.35, 123.10, 123.10, 123.05, 123.05, 123.05, 123.08, 2400, 2.95, 2, 2400, 100.00
ACCPL, ST, 01-Oct-2026, 214.00, 212.00, 214.20, 203.30, 203.30, 203.30, 206.04, 24000, 49.45, 16, 21600, 90.00
ADDICTIVE, ST, 01-Oct-2026, 42.05, 40.15, 41.00, 39.95, 41.00, 41.00, 40.29, 19500, 7.86, 24, 18500, 94.87
3IINFOLTD, BE, 01-Oct-2026, 22.52, 22.52, 22.91, 22.12, 22.67, 22.45, 22.47, 285733, 64.22, 695, -, -
AARNAV, BE, 01-Oct-2026, 36.00, 35.99, 36.00, 34.66, 35.50, 35.50, 35.15, 13310, 4.68, 39, -, -
574GS2026, GS, 01-Oct-2026, 101.61, 102.49, 102.49, 102.49, 102.49, 102.49, 102.49, 15, 0.02, 1, 15, 100.00
